{
  "ablation": "core_edgar",
  "binary_event_weight": 0.17935992052257058,
  "binary_teacher_weight": 0.1405293648585677,
  "case": "mb_t1_core_edgar_is_funded_h14",
  "constant_prediction": false,
  "feature_count": 105,
  "fit_seconds": 119.42341113090515,
  "horizon": 14,
  "metrics": {
    "mae": 0.20160665796012492,
    "mape": 4.70789138687148,
    "rmse": 0.40772210625067207,
    "smape": 36.591969287240985
  },
  "model_id": "v740_alpha",
  "predict_seconds": 1.2124228477478027,
  "prediction_std": 0.05019248464229118,
  "routing_info": null,
  "selected_model": null,
  "target": "is_funded",
  "task": "task1_outcome",
  "task_mod_enabled": false,
  "test_matrix_rows": 592,
  "test_rows": 592,
  "train_matrix_rows": 1600,
  "train_rows": 1600,
  "val_rows": 557
}