{
  "ablation": "core_edgar",
  "binary_event_weight": 0.17326488089561462,
  "binary_teacher_weight": 0.12700595223903655,
  "case": "mb_t1_core_edgar_is_funded_h14",
  "constant_prediction": false,
  "feature_count": 105,
  "fit_seconds": 61.32436728477478,
  "horizon": 14,
  "metrics": {
    "mae": 0.34263863773192055,
    "mape": 29.092962734305257,
    "rmse": 0.5837223311823262,
    "smape": 68.27587946692894
  },
  "model_id": "v740_alpha",
  "predict_seconds": 0.5599284172058105,
  "prediction_std": 0.4725785901351679,
  "routing_info": null,
  "selected_model": null,
  "target": "is_funded",
  "task": "task1_outcome",
  "task_mod_enabled": false,
  "test_matrix_rows": 655,
  "test_rows": 716,
  "train_matrix_rows": 1166,
  "train_rows": 1600,
  "val_rows": 581
}