{
  "task": "task1_outcome",
  "ablation": "core_edgar",
  "target": "is_funded",
  "horizon": 14,
  "input_size": 60,
  "horizon_to_context_ratio": 0.23333333333333334,
  "train_rows": 800,
  "val_rows": 391,
  "test_rows": 352,
  "train_matrix_rows": 800,
  "test_matrix_rows": 352,
  "feature_count": 105,
  "selected_entities": 8,
  "edgar_cols_used": 39,
  "text_cols_used": 0,
  "coverage_ratio": 1.0,
  "constant_prediction": false,
  "prediction_std": 0.11322263869630345,
  "binary_train_rate": 0.8766233921051025,
  "binary_event_rate": 0.9090909361839294,
  "binary_transition_rate": 0.04545454680919647,
  "binary_pos_weight": 1.0,
  "binary_temperature": 3.0,
  "teacher_distill_enabled": true,
  "event_head_enabled": true,
  "task_mod_enabled": false,
  "binary_teacher_weight": 0.13843571313619613,
  "binary_event_weight": 0.17772435028553007,
  "teacher_logistic_mix": 0.3039253215789795,
  "teacher_tree_mix": 0.6960746784210206,
  "edgar_source_density": 0.85375,
  "text_source_density": 0.0,
  "metrics": {
    "mae": 0.32812967015938327,
    "rmse": 0.5372299919790889,
    "smape": 61.01312123477815,
    "mape": 7.617829570736902
  },
  "wall_time_seconds": 44.794
}