{
  "task": "task1_outcome",
  "ablation": "full",
  "target": "is_funded",
  "horizon": 14,
  "input_size": 60,
  "horizon_to_context_ratio": 0.23333333333333334,
  "train_rows": 800,
  "val_rows": 391,
  "test_rows": 352,
  "train_matrix_rows": 800,
  "test_matrix_rows": 352,
  "feature_count": 169,
  "selected_entities": 8,
  "edgar_cols_used": 39,
  "text_cols_used": 64,
  "coverage_ratio": 1.0,
  "constant_prediction": false,
  "prediction_std": 0.10978792238542744,
  "binary_train_rate": 0.8766233921051025,
  "binary_event_rate": 0.9090909361839294,
  "binary_transition_rate": 0.04545454680919647,
  "binary_pos_weight": 1.0,
  "binary_temperature": 3.0,
  "teacher_distill_enabled": true,
  "event_head_enabled": true,
  "task_mod_enabled": false,
  "binary_teacher_weight": 0.10843571313619614,
  "binary_event_weight": 0.14772435028553008,
  "teacher_logistic_mix": 0.5539253215789794,
  "teacher_tree_mix": 0.44607467842102055,
  "edgar_source_density": 0.85375,
  "text_source_density": 1.0,
  "metrics": {
    "mae": 0.3264489857987924,
    "rmse": 0.5363456749935811,
    "smape": 60.78523162274653,
    "mape": 7.386735473466602
  },
  "wall_time_seconds": 31.492
}