{
  "task": "task1_outcome",
  "ablation": "core_edgar",
  "target": "is_funded",
  "horizon": 14,
  "input_size": 60,
  "horizon_to_context_ratio": 0.23333333333333334,
  "train_rows": 1500,
  "val_rows": 391,
  "test_rows": 404,
  "train_matrix_rows": 1500,
  "test_matrix_rows": 404,
  "feature_count": 105,
  "selected_entities": 12,
  "edgar_cols_used": 39,
  "text_cols_used": 0,
  "coverage_ratio": 1.0,
  "constant_prediction": false,
  "prediction_std": 0.10601336850533982,
  "binary_train_rate": 0.9177018404006958,
  "binary_event_rate": 0.9347826242446899,
  "binary_transition_rate": 0.021739130839705467,
  "binary_pos_weight": 1.0,
  "binary_temperature": 3.0,
  "teacher_distill_enabled": true,
  "event_head_enabled": true,
  "task_mod_enabled": false,
  "binary_teacher_weight": 0.13954103518118463,
  "binary_event_weight": 0.17896306462506453,
  "teacher_logistic_mix": 0.28459296525319416,
  "teacher_tree_mix": 0.7154070347468058,
  "edgar_source_density": 0.9093333333333333,
  "text_source_density": 0.0,
  "metrics": {
    "mae": 0.2853157532097089,
    "rmse": 0.50113583255216,
    "smape": 53.081143140553,
    "mape": 6.2557026311840165
  },
  "wall_time_seconds": 70.655
}