{
  "task": "task1_outcome",
  "ablation": "core_edgar",
  "target": "is_funded",
  "horizon": 14,
  "input_size": 60,
  "horizon_to_context_ratio": 0.23333333333333334,
  "train_rows": 300,
  "val_rows": 260,
  "test_rows": 213,
  "train_matrix_rows": 300,
  "test_matrix_rows": 213,
  "feature_count": 105,
  "selected_entities": 4,
  "edgar_cols_used": 39,
  "text_cols_used": 0,
  "coverage_ratio": 1.0,
  "constant_prediction": false,
  "prediction_std": 0.012357052074574408,
  "binary_train_rate": 0.9047619104385376,
  "binary_event_rate": 1.0,
  "binary_transition_rate": 0.1666666716337204,
  "binary_pos_weight": 1.0,
  "binary_temperature": 0.85,
  "teacher_distill_enabled": true,
  "event_head_enabled": true,
  "task_mod_enabled": false,
  "binary_teacher_weight": 0.1280380950252215,
  "binary_event_weight": 0.16997142825921377,
  "teacher_logistic_mix": 0.3217142845789591,
  "teacher_tree_mix": 0.6782857154210409,
  "edgar_source_density": 0.7366666666666667,
  "text_source_density": 0.0,
  "metrics": {
    "mae": 0.30893172344691316,
    "rmse": 0.5483555323034645,
    "smape": 60.951486045226574,
    "mape": 1.2097027356831773
  },
  "wall_time_seconds": 40.609
}