{
  "task": "task1_outcome",
  "ablation": "full",
  "target": "is_funded",
  "horizon": 60,
  "input_size": 60,
  "horizon_to_context_ratio": 1.0,
  "train_rows": 1500,
  "val_rows": 391,
  "test_rows": 404,
  "train_matrix_rows": 1500,
  "test_matrix_rows": 404,
  "feature_count": 169,
  "selected_entities": 12,
  "edgar_cols_used": 39,
  "text_cols_used": 64,
  "coverage_ratio": 1.0,
  "constant_prediction": false,
  "prediction_std": 0.20447609057403596,
  "binary_train_rate": 0.9116666913032532,
  "binary_event_rate": 1.0,
  "binary_transition_rate": 0.10000000149011612,
  "binary_pos_weight": 1.0,
  "binary_temperature": 1.0,
  "teacher_distill_enabled": true,
  "event_head_enabled": true,
  "task_mod_enabled": false,
  "binary_teacher_weight": 0.10613999947746595,
  "binary_event_weight": 0.14595333278099695,
  "teacher_logistic_mix": 0.5357999950726826,
  "teacher_tree_mix": 0.4642000049273174,
  "edgar_source_density": 0.9093333333333333,
  "text_source_density": 1.0,
  "metrics": {
    "mae": 0.32961095205628044,
    "rmse": 0.5365592950065362,
    "smape": 60.1821935584784,
    "mape": 12.06585203217827
  },
  "wall_time_seconds": 42.71
}