{
  "task": "task1_outcome",
  "ablation": "full",
  "target": "is_funded",
  "horizon": 14,
  "input_size": 60,
  "horizon_to_context_ratio": 0.23333333333333334,
  "train_rows": 1500,
  "val_rows": 391,
  "test_rows": 404,
  "train_matrix_rows": 1500,
  "test_matrix_rows": 404,
  "feature_count": 169,
  "selected_entities": 12,
  "edgar_cols_used": 39,
  "text_cols_used": 64,
  "coverage_ratio": 1.0,
  "constant_prediction": false,
  "prediction_std": 0.08476571830319848,
  "binary_train_rate": 0.9177018404006958,
  "binary_event_rate": 0.9347826242446899,
  "binary_transition_rate": 0.021739130839705467,
  "binary_pos_weight": 1.0,
  "binary_temperature": 3.0,
  "teacher_distill_enabled": true,
  "event_head_enabled": true,
  "task_mod_enabled": false,
  "binary_teacher_weight": 0.10954103518118462,
  "binary_event_weight": 0.14896306462506453,
  "teacher_logistic_mix": 0.5345929652531942,
  "teacher_tree_mix": 0.4654070347468058,
  "edgar_source_density": 0.9093333333333333,
  "text_source_density": 1.0,
  "metrics": {
    "mae": 0.2757571215676789,
    "rmse": 0.496249073005601,
    "smape": 51.825240860196764,
    "mape": 5.00190810366348
  },
  "wall_time_seconds": 66.175
}