{
  "bench_dirs": [
    "runs/benchmarks/block3_20260203_225620_iris",
    "runs/benchmarks/block3_20260203_225620_iris_phase3",
    "runs/benchmarks/block3_20260203_225620_iris_full",
    "runs/benchmarks/block3_20260203_225620_iris_phase7",
    "runs/benchmarks/block3_20260203_225620_phase7",
    "runs/benchmarks/block3_20260203_225620_phase7_v71extreme_20260214_032205",
    "runs/benchmarks/block3_20260203_225620_phase7_v71extreme_20260214_130737",
    "runs/benchmarks/block3_20260203_225620_dual3090_phase7_20260215_172651",
    "runs/benchmarks/block3_20260203_225620_dual3090_phase7_20260215_173453",
    "runs/benchmarks/block3_20260203_225620_dual3090_phase7_20260215_182303",
    "runs/benchmarks/block3_20260203_225620_dual3090_phase7_20260215_185618",
    "runs/benchmarks/block3_20260203_225620_dual3090_phase7_20260215_191536",
    "runs/benchmarks/block3_20260203_225620_phase7_v72_4090_20260219_173137",
    "runs/benchmarks/block3_20260203_225620_phase7_v72_batch_bypass_v72b4_20260225_112044",
    "runs/benchmarks/block3_20260203_225620_phase7_v72_batch_bypass_v72b5_20260225_112516",
    "runs/benchmarks/block3_20260203_225620_phase7_v72_batch_bypass_v72b6_20260225_132028",
    "runs/benchmarks/block3_20260203_225620_phase7_v72_completion",
    "runs/benchmarks/block3_20260203_225620_phase7_v72_completion_20260222_224025",
    "runs/benchmarks/block3_20260203_225620_phase7_v72_failure_pool_rerun_heavy_20260219_v72fix_sched"
  ],
  "config_path": "configs/block3_tasks.yaml",
  "min_coverage": 0.98,
  "raw_records": 14928,
  "strict_records": 3665,
  "strict_records_raw": 5546,
  "legacy_unverified_records": 9382,
  "strict_excluded_records": 0,
  "filtered_records": 3665,
  "source_resolution_rows": 1881,
  "expected_conditions": 104,
  "strict_completed_conditions": 104,
  "legacy_completed_conditions": 104,
  "strict_condition_completion": "104/104",
  "legacy_condition_completion": "104/104",
  "strict_condition_completion_ratio": 1.0,
  "legacy_condition_completion_ratio": 1.0,
  "overlap_rows": 104,
  "v71_win_rate_vs_v7": 0.38461538461538464,
  "v71_median_relative_gain_vs_v7_pct": -0.33387569285466684,
  "critical_failures": 4,
  "high_failures": 60,
  "v72_pilot_overall_pass": false,
  "v72_pilot_overlap_keys": 88,
  "v72_missing_keys": 16,
  "v72_coverage_ratio": 0.8461538461538461,
  "duplicate_jobs_removed": 0,
  "queue_eta_model": {
    "method": "heuristic_v1",
    "assumed_avg_hours_per_job": 18.0,
    "effective_parallelism": 12,
    "batch_cap_max_jobs_pu": 8,
    "gpu_cap_max_jobs_pu": 4,
    "estimated_hours_to_clear": 30.0
  },
  "slurm_snapshot_path": "docs/benchmarks/block3_truth_pack/slurm_snapshot.json",
  "slurm_live_snapshot_path": "docs/benchmarks/block3_truth_pack/slurm_live_snapshot_20260226_000831.json",
  "outputs": {
    "condition_leaderboard": "docs/benchmarks/block3_truth_pack/condition_leaderboard.csv",
    "autofit_lineage": "docs/benchmarks/block3_truth_pack/autofit_lineage.csv",
    "failure_taxonomy": "docs/benchmarks/block3_truth_pack/failure_taxonomy.csv",
    "v71_vs_v7_overlap": "docs/benchmarks/block3_truth_pack/v71_vs_v7_overlap.csv",
    "missing_key_manifest": "docs/benchmarks/block3_truth_pack/missing_key_manifest.csv",
    "missing_key_manifest_summary": "docs/benchmarks/block3_truth_pack/missing_key_manifest_summary.json",
    "task_subtask_catalog": "docs/benchmarks/block3_truth_pack/task_subtask_catalog.csv",
    "condition_inventory_full": "docs/benchmarks/block3_truth_pack/condition_inventory_full.csv",
    "run_history_ledger": "docs/benchmarks/block3_truth_pack/run_history_ledger.csv",
    "run_history_observations": "docs/benchmarks/block3_truth_pack/run_history_observations.csv",
    "autofit_version_ladder": "docs/benchmarks/block3_truth_pack/autofit_version_ladder.csv",
    "autofit_step_deltas": "docs/benchmarks/block3_truth_pack/autofit_step_deltas.csv",
    "model_family_coverage_audit": "docs/benchmarks/block3_truth_pack/model_family_coverage_audit.csv",
    "source_resolution_ledger": "docs/benchmarks/block3_truth_pack/source_resolution_ledger.csv",
    "subtasks_by_target_full": "docs/benchmarks/block3_truth_pack/subtasks_by_target_full.csv",
    "top3_representative_models_by_target": "docs/benchmarks/block3_truth_pack/top3_representative_models_by_target.csv",
    "family_gap_by_target": "docs/benchmarks/block3_truth_pack/family_gap_by_target.csv",
    "champion_template_library": "docs/benchmarks/block3_truth_pack/champion_template_library.csv",
    "sota_feature_value_map": "docs/benchmarks/block3_truth_pack/sota_feature_value_map.csv",
    "primary_literature_matrix": "docs/benchmarks/block3_truth_pack/primary_literature_matrix.csv",
    "citation_correction_log": "docs/benchmarks/block3_truth_pack/citation_correction_log.csv",
    "audit_gate_snapshot": "docs/benchmarks/block3_truth_pack/audit_gate_snapshot.csv",
    "hyperparam_search_ledger": "docs/benchmarks/block3_truth_pack/hyperparam_search_ledger.csv",
    "best_config_by_model_target": "docs/benchmarks/block3_truth_pack/best_config_by_model_target.json",
    "compute_cost_report": "docs/benchmarks/block3_truth_pack/compute_cost_report.csv",
    "v72_pilot_gate_report": "docs/benchmarks/block3_truth_pack/v72_pilot_gate_report.json",
    "slurm_snapshot_json": "docs/benchmarks/block3_truth_pack/slurm_snapshot.json",
    "slurm_snapshot_md": "docs/benchmarks/block3_truth_pack/slurm_snapshot.md",
    "slurm_live_snapshot_json": "docs/benchmarks/block3_truth_pack/slurm_live_snapshot_20260226_000831.json",
    "slurm_live_snapshot_md": "docs/benchmarks/block3_truth_pack/slurm_live_snapshot_20260226_000831.md"
  }
}