{
  "model": "OLinear",
  "model_kwargs": {
    "input_size": 30,
    "horizon": 14,
    "temp_patch_len": 6,
    "temp_stride": 6,
    "max_epochs": 3,
    "batch_size": 64
  },
  "task": "task2_forecast",
  "ablation": "core_edgar",
  "target": "investors_count",
  "horizon": 14,
  "train_rows": 800,
  "val_rows": 999,
  "test_rows": 972,
  "train_matrix_rows": 800,
  "test_matrix_rows": 972,
  "feature_count": 105,
  "fit_seconds": 37.47635197639465,
  "predict_seconds": 0.2227785587310791,
  "prediction_std": 34.093708680355086,
  "constant_prediction": false,
  "metrics": {
    "mae": 0.020645147979014206,
    "rmse": 0.13975074506993926,
    "smape": 0.01988967169862423,
    "mape": 0.019937018325164636
  }
}